Guttenberg Municipal Hospital		"200 Main Street
Guttenberg, IA, 52052"	
Hospital Name	Code	Description	 Gross Charge 
Guttenberg Municipal Hospital	142	Anesthesia for procedures on eye; lens surgery	693
	400	"Anesthesia for procedures on the integumentary system on the extremities, anterior trunk and perineum; not otherwise specified"	1188
	731	PR ANES UPR GI NDSC PX NOS	451
	790	Anesthesia for intraperitoneal procedures in upper abdomen including laparoscopy; not otherwise specified	2288
	811	PR ANES LWR INTST NDSC NOS	660
	812	PR ANES LWR INTST SCR COLSC	638
	813	PR ANES UPR LWR GI NDSC PX	1430
	840	Anesthesia for intraperitoneal procedures in lower abdomen including laparoscopy; not otherwise specified	5280
	0097U	"Gastrointestinal pathogen, multiplex reverse transcription and multiplex amplified probe technique, multiple types or subtypes, 22 targets"	331
	1470	"Anesthesia for procedures on nerves, muscles, tendons, and fascia of lower leg, ankle, and foot; not otherwise specified"	1496
	1480	"Anesthesia for open procedures on bones of lower leg, ankle, and foot; not otherwise specified"	1452
	10060	"Incision and drainage of abscess (eg, carbuncle, suppurative hidradenitis, cutaneous or subcutaneous abscess, cyst, furuncle, or paronychia); simple or single"	229
	10061	"Incision and drainage of abscess (eg, carbuncle, suppurative hidradenitis, cutaneous or subcutaneous abscess, cyst, furuncle, or paronychia); complicated or multiple"	519
	10120	"Incision and removal of foreign body, subcutaneous tissues; simple"	221
	11404	"Excision, benign lesion including margins, except skin tag (unless listed elsewhere), trunk, arms or legs; excised diameter 3.1 to 4.0 cm"	2781
	11420	"Excision, benign lesion including margins, except skin tag (unless listed elsewhere), scalp, neck, hands, feet, genitalia; excised diameter 0.5 cm or less"	1
	11626	"Excision, malignant lesion including margins, scalp, neck, hands, feet, genitalia; excised diameter over 4.0 cm"	2782
	11644	"Excision, malignant lesion including margins, face, ears, eyelids, nose, lips; excised diameter 3.1 to 4.0 cm"	2483
	12001	"Simple repair of superficial wounds of scalp, neck, axillae, external genitalia, trunk and/or extremities (including hands and feet); 2.5 cm or less"	229
	12002	"Simple repair of superficial wounds of scalp, neck, axillae, external genitalia, trunk and/or extremities (including hands and feet); 2.6 cm to 7.5 cm"	315
	12004	"Simple repair of superficial wounds of scalp, neck, axillae, external genitalia, trunk and/or extremities (including hands and feet); 7.6 cm to 12.5 cm"	221
	12005	"Simple repair of superficial wounds of scalp, neck, axillae, external genitalia, trunk and/or extremities (including hands and feet); 12.6 cm to 20.0 cm"	315
	12011	"Simple repair of superficial wounds of face, ears, eyelids, nose, lips and/or mucous membranes; 2.5 cm or less"	315
	12013	"Simple repair of superficial wounds of face, ears, eyelids, nose, lips and/or mucous membranes; 2.6 cm to 5.0 cm"	315
	12014	"Simple repair of superficial wounds of face, ears, eyelids, nose, lips and/or mucous membranes; 5.1 cm to 7.5 cm"	221
	12015	"Simple repair of superficial wounds of face, ears, eyelids, nose, lips and/or mucous membranes; 7.6 cm to 12.5 cm"	315
	12032	"Repair, intermediate, wounds of scalp, axillae, trunk and/or extremities (excluding hands and feet); 2.6 cm to 7.5 cm"	1
	19000	Puncture aspiration of cyst of breast;	668
	19081	PR BX BREAST 1ST LESION STRTCTC	3638
	19083	HC BX BREAST 1ST LESION US IMAG	3638
	19120	"Excision of cyst, fibroadenoma, or other benign or malignant tumor, aberrant breast tissue, duct lesion, nipple or areolar lesion (except 19300), open, male or female, 1 or more lesions"	4005
	19301	"Mastectomy, partial (eg, lumpectomy, tylectomy, quadrantectomy, segmentectomy);"	6882
	20552	"Injection(s); single or multiple trigger point(s), 1 or 2 muscle(s)"	442
	20610	"Arthrocentesis, aspiration and/or injection; major joint or bursa (eg, shoulder, hip, knee joint, subacromial bursa)"	663
	21012	"Excision, tumor, soft tissue of face or scalp, subcutaneous; 2 cm or greater"	2483
	26725	"Closed treatment of phalangeal shaft fracture, proximal or middle phalanx, finger or thumb; with manipulation, with or without skin or skeletal traction, each"	582
	26770	"Closed treatment of interphalangeal joint dislocation, single, with manipulation; without anesthesia"	513
	27096	"Injection procedure for sacroiliac joint, arthrography and/or anesthetic/steroid"	248
	28110	"Ostectomy, partial excision, fifth metatarsal head (bunionette) (separate procedure)"	4430
	28285	"Correction, hammertoe (eg, interphalangeal fusion, partial or total phalangectomy)"	4430
	29105	Application of long arm splint (shoulder to hand)	212
	29125	Application of short arm splint (forearm to hand); static	232
	29515	Application of short leg splint (calf to foot)	188
	30901	"Control nasal hemorrhage, anterior, simple (limited cautery and/or packing) any method"	303
	30905	"Control nasal hemorrhage, posterior, with posterior nasal packs and/or cautery, any method; initial"	303
	31500	"Intubation, endotracheal, emergency procedure"	276
	36415	Collection of venous blood by venipuncture	21
	36416	"Collection of capillary blood specimen (eg, finger, heel, ear stick)"	19
	36430	"Transfusion, blood or blood components"	827
	36591	Collection of blood specimen from a completely implantable venous access device	103
	36592	"Collection of blood specimen using established central or peripheral catheter, venous, not otherwise specified"	60
	36600	"Arterial puncture, withdrawal of blood for diagnosis"	68
	36680	Placement of needle for intraosseous infusion	324
	37609	"Ligation or biopsy, temporal artery"	4430
	43239	"Upper gastrointestinal endoscopy including esophagus, stomach, and either the duodenum and/or jejunum as appropriate; with biopsy, single or multiple"	3155
	43247	"Upper gastrointestinal endoscopy including esophagus, stomach, and either the duodenum and/or jejunum as appropriate; with removal of foreign body"	3368
	43249	"Upper gastrointestinal endoscopy including esophagus, stomach, and either the duodenum and/or jejunum as appropriate; with balloon dilation of esophagus (less than 30 mm diameter)"	4005
	44970	"Laparoscopy, surgical, appendectomy"	14098
	45378	"Colonoscopy, flexible, proximal to splenic flexure; diagnostic, with or without collection of specimen(s) by brushing or washing, with or without colon decompression (separate procedure)"	3155
	45380	"Colonoscopy, flexible, proximal to splenic flexure; with biopsy, single or multiple"	3155
	45384	"Colonoscopy, flexible, proximal to splenic flexure; with removal of tumor(s), polyp(s), or other lesion(s) by hot biopsy forceps or bipolar cautery"	3155
	45385	"Colonoscopy, flexible, proximal to splenic flexure; with removal of tumor(s), polyp(s), or other lesion(s) by snare technique"	3579
	46270	Surgical treatment of anal fistula (fistulectomy/fistulotomy); subcutaneous	4005
	47562	"Laparoscopy, surgical; cholecystectomy"	10084
	49587	"Repair umbilical hernia, age 5 years or older; incarcerated or strangulated"	4430
	49650	"Laparoscopy, surgical; repair initial inguinal hernia"	10084
	51700	"Bladder irrigation, simple, lavage and/or instillation"	448
	51701	"Insertion of non-indwelling bladder catheter (eg, straight catheterization for residual urine)"	221
	51702	"Insertion of temporary indwelling bladder catheter; simple (eg, Foley)"	221
	51798	"Measurement of post-voiding residual urine and/or bladder capacity by ultrasound, non-imaging"	66
	58301	Removal of intrauterine device (IUD)	474
	58573	"Laparoscopy, surgical, with total hysterectomy, for uterus greater than 250 g; with removal of tube(s) and/or ovary(s)"	17311
	62321	PR INJ INTERLAM C/T W IMG	1852
	62323	PR INJ INTERLAM L/S W IMG	1852
	64400	"Injection, anesthetic agent; trigeminal nerve, any division or branch"	581
	64483	"Injection(s), anesthetic agent and/or steroid, transforaminal epidural, with imaging guidance (fluoroscopy or CT); lumbar or sacral, single level"	1068
	64488	PR TAP BLOCK BILAT BY INJ	986
	64490	"Injection(s), diagnostic or therapeutic agent, paravertebral facet (zygapophyseal) joint (or nerves innervating that joint) with image guidance (fluoroscopy or CT), cervical or thoracic; single level"	1801
	64491	"Injection(s), diagnostic or therapeutic agent, paravertebral facet (zygapophyseal) joint (or nerves innervating that joint) with image guidance (fluoroscopy or CT), cervical or thoracic; second level (List separately in addition to code for primary procedure)"	688
	64493	"Injection(s), diagnostic or therapeutic agent, paravertebral facet (zygapophyseal) joint (or nerves innervating that joint) with image guidance (fluoroscopy or CT), lumbar or sacral; single level"	3175
	64494	"Injection(s), diagnostic or therapeutic agent, paravertebral facet (zygapophyseal) joint (or nerves innervating that joint) with image guidance (fluoroscopy or CT), lumbar or sacral; second level (List separately in addition to code for primary procedure)"	307
	64495	"Injection(s), diagnostic or therapeutic agent, paravertebral facet (zygapophyseal) joint (or nerves innervating that joint) with image guidance (fluoroscopy or CT), lumbar or sacral; third and any additional level(s) (List separately in addition to code for primary procedure)"	153
	64510	"Injection, anesthetic agent; stellate ganglion (cervical sympathetic)"	1815
	64721	Neuroplasty and/or transposition; median nerve at carpal tunnel	3580
	66982	"Extracapsular cataract removal with insertion of intraocular lens prosthesis (1-stage procedure), manual or mechanical technique (eg, irrigation and aspiration or phacoemulsification), complex, requiring devices or techniques not generally used in routine cataract surgery (eg, iris expansion device, suture support for intraocular lens, or primary posterior capsulorrhexis) or performed on patients in the amblyogenic developmental stage"	3580
	66984	"Extracapsular cataract removal with insertion of intraocular lens prosthesis (1 stage procedure), manual or mechanical technique (eg, irrigation and aspiration or phacoemulsification)"	3580
	70030	"Radiologic examination, eye, for detection of foreign body"	226
	70140	"Radiologic examination, facial bones; less than 3 views"	182
	70250	"Radiologic examination, skull; less than 4 views"	303
	70360	"Radiologic examination; neck, soft tissue"	211
	70450	"Computed tomography, head or brain; without contrast material"	1813
	70480	"Computed tomography, orbit, sella, or posterior fossa or outer, middle, or inner ear; without contrast material"	1594
	70486	"Computed tomography, maxillofacial area; without contrast material"	1787
	70490	"Computed tomography, soft tissue neck; without contrast material"	1909
	70491	"Computed tomography, soft tissue neck; with contrast material(s)"	2353
	70496	"Computed tomographic angiography, head, with contrast material(s), including noncontrast images, if performed, and image postprocessing"	2315
	70498	"Computed tomographic angiography, neck, with contrast material(s), including noncontrast images, if performed, and image postprocessing"	2537
	70551	"Magnetic resonance (eg, proton) imaging, brain (including brain stem); without contrast material"	3029
	70553	"Magnetic resonance (eg, proton) imaging, brain (including brain stem); without contrast material, followed by contrast material(s) and further sequences"	5077
	71045	PR X-RAY EXAM CHEST 1 VIEW	254
	71046	PR X-RAY EXAM CHEST 2 VIEWS	278
	71100	"Radiologic examination, ribs, unilateral; 2 views"	279
	71101	"Radiologic examination, ribs, unilateral; including posteroanterior chest, minimum of 3 views"	350
	71120	"Radiologic examination; sternum, minimum of 2 views"	235
	71250	"Computed tomography, thorax; without contrast material"	1710
	71260	"Computed tomography, thorax; with contrast material(s)"	1679
	71275	"Computed tomographic angiography, chest (noncoronary), with contrast material(s), including noncontrast images, if performed, and image postprocessing"	2314
	71550	"Magnetic resonance (eg, proton) imaging, chest (eg, for evaluation of hilar and mediastinal lymphadenopathy); without contrast material(s)"	2790
	72020	"Radiologic examination, spine, single view, specify level"	222
	72040	"Radiologic examination, spine, cervical; 2 or 3 views"	289
	72072	"Radiologic examination, spine; thoracic, 3 views"	312
	72100	"Radiologic examination, spine, lumbosacral; 2 or 3 views"	294
	72110	"Radiologic examination, spine, lumbosacral; minimum of 4 views"	408
	72125	"Computed tomography, cervical spine; without contrast material"	2082
	72128	"Computed tomography, thoracic spine; without contrast material"	1979
	72131	"Computed tomography, lumbar spine; without contrast material"	1979
	72141	"Magnetic resonance (eg, proton) imaging, spinal canal and contents, cervical; without contrast material"	2604
	72146	"Magnetic resonance (eg, proton) imaging, spinal canal and contents, thoracic; without contrast material"	2604
	72148	"Magnetic resonance (eg, proton) imaging, spinal canal and contents, lumbar; without contrast material"	2669
	72156	"Magnetic resonance (eg, proton) imaging, spinal canal and contents, without contrast material, followed by contrast material(s) and further sequences; cervical"	3390
	72158	"Magnetic resonance (eg, proton) imaging, spinal canal and contents, without contrast material, followed by contrast material(s) and further sequences; lumbar"	3390
	72170	"Radiologic examination, pelvis; 1 or 2 views"	216
	72190	"Radiologic examination, pelvis; complete, minimum of 3 views"	267
	72192	"Computed tomography, pelvis; without contrast material"	1884
	72193	"Computed tomography, pelvis; with contrast material(s)"	2319
	72195	"Magnetic resonance (eg, proton) imaging, pelvis; without contrast material(s)"	2575
	72197	"Magnetic resonance (eg, proton) imaging, pelvis; without contrast material(s), followed by contrast material(s) and further sequences"	4203
	72220	"Radiologic examination, sacrum and coccyx, minimum of 2 views"	251
	73000	"Radiologic examination; clavicle, complete"	285
	73010	"Radiologic examination; scapula, complete"	318
	73030	"Radiologic examination, shoulder; complete, minimum of 2 views"	293
	73050	"Radiologic examination; acromioclavicular joints, bilateral, with or without weighted distraction"	322
	73060	"Radiologic examination; humerus, minimum of 2 views"	238
	73070	"Radiologic examination, elbow; 2 views"	214
	73080	"Radiologic examination, elbow; complete, minimum of 3 views"	279
	73090	"Radiologic examination; forearm, 2 views"	263
	73100	"Radiologic examination, wrist; 2 views"	227
	73110	"Radiologic examination, wrist; complete, minimum of 3 views"	269
	73130	"Radiologic examination, hand; minimum of 3 views"	266
	73140	"Radiologic examination, finger(s), minimum of 2 views"	230
	73200	"Computed tomography, upper extremity; without contrast material"	2042
	73221	"Magnetic resonance (eg, proton) imaging, any joint of upper extremity; without contrast material(s)"	2508
	73502	PR X-RAY EXAM HIP UNI 2-3 VIEWS	266
	73522	PR X-RAY EXAM HIPS BI 3-4 VIEWS	386
	73551	PR X-RAY EXAM OF FEMUR 1 VW	188
	73552	PR X-RAY EXAM OF FEMUR 2/> VW	243
	73560	"Radiologic examination, knee; 1 or 2 views"	246
	73562	"Radiologic examination, knee; 3 views"	310
	73564	"Radiologic examination, knee; complete, 4 or more views"	402
	73590	"Radiologic examination; tibia and fibula, 2 views"	225
	73600	"Radiologic examination, ankle; 2 views"	167
	73610	"Radiologic examination, ankle; complete, minimum of 3 views"	270
	73620	"Radiologic examination, foot; 2 views"	167
	73630	"Radiologic examination, foot; complete, minimum of 3 views"	234
	73650	"Radiologic examination; calcaneus, minimum of 2 views"	214
	73660	"Radiologic examination; toe(s), minimum of 2 views"	244
	73700	"Computed tomography, lower extremity; without contrast material"	1875
	73718	"Magnetic resonance (eg, proton) imaging, lower extremity other than joint; without contrast material(s)"	2534
	73720	"Magnetic resonance (eg, proton) imaging, lower extremity other than joint; without contrast material(s), followed by contrast material(s) and further sequences"	4203
	73721	"Magnetic resonance (eg, proton) imaging, any joint of lower extremity; without contrast material"	2605
	73723	"Magnetic resonance (eg, proton) imaging, any joint of lower extremity; without contrast material(s), followed by contrast material(s) and further sequences"	4103
	74018	PR X-RAY EXAM ABDOMEN 1 VIEW	330
	74019	PR X-RAY EXAM ABDOMEN 2 VIEWS	373
	74022	"Radiologic examination, abdomen; complete acute abdomen series, including supine, erect, and/or decubitus views, single view chest"	406
	74160	"Computed tomography, abdomen; with contrast material(s)"	2267
	74170	"Computed tomography, abdomen; without contrast material, followed by contrast material(s) and further sections"	2442
	74174	PR CT ANGIO ABD AND PELV WO W CONTRAST	3269
	74176	"Computed tomography, abdomen and pelvis; without contrast material"	3555
	74177	"Computed tomography, abdomen and pelvis; with contrast material(s)"	4301
	74178	"Computed tomography, abdomen and pelvis; without contrast material in one or both body regions, followed by contrast material(s) and further sections in one or both body regions"	4638
	74183	"Magnetic resonance (eg, proton) imaging, abdomen; without contrast material(s), followed by with contrast material(s) and further sequences"	4206
	74230	"Swallowing function, with cineradiography/videoradiography"	298
	75635	"Computed tomographic angiography, abdominal aorta and bilateral iliofemoral lower extremity runoff, with contrast material(s), including noncontrast images, if performed, and image postprocessing"	3308
	76536	"Ultrasound, soft tissues of head and neck (eg, thyroid, parathyroid, parotid), real time with image documentation"	663
	76604	"Ultrasound, chest (includes mediastinum), real time with image documentation"	612
	76641	PR US BREAST COMPLETE	772
	76642	PR US BREAST LIMITED	505
	76700	"Ultrasound, abdominal, real time with image documentation; complete"	973
	76705	"Ultrasound, abdominal, real time with image documentation; limited (eg, single organ, quadrant, follow-up)"	629
	76706	PR US ABDL AORTA SCREEN AAA	547
	76770	"Ultrasound, retroperitoneal (eg, renal, aorta, nodes), real time with image documentation; complete"	792
	76775	"Ultrasound, retroperitoneal (eg, renal, aorta, nodes), real time with image documentation; limited"	547
	76776	"Ultrasound, transplanted kidney, real time and duplex Doppler with image documentation"	590
	76815	"Ultrasound, pregnant uterus, real time with image documentation, limited (eg, fetal heart beat, placental location, fetal position and/or qualitative amniotic fluid volume), 1 or more fetuses"	507
	76817	"Ultrasound, pregnant uterus, real time with image documentation, transvaginal"	494
	76830	"Ultrasound, transvaginal"	728
	76856	"Ultrasound, pelvic (nonobstetric), real time with image documentation; complete"	480
	76857	"Ultrasound, pelvic (nonobstetric), real time with image documentation; limited or follow-up (eg, for follicles)"	428
	76870	"Ultrasound, scrotum and contents"	692
	76882	"Ultrasound, extremity, nonvascular, real-time with image documentation; limited, anatomic specific"	505
	77002	"Fluoroscopic guidance for needle placement (eg, biopsy, aspiration, injection, localization device)"	688
	77063	HC BREAST TOMOSYNTHESIS DIG SCREEN UNIL	50
	77065	PR DX MAMMO INCL CAD UNIL	390
	77066	PR DX MAMMO INCL CAD BILAT	520
	77067	PR SCR MAMMO INCL CAD UNILAT	476
	77080	"Dual-energy X-ray absorptiometry (DXA), bone density study, 1 or more sites; axial skeleton (eg, hips, pelvis, spine)"	605
	78227	PR HEPATOBIL SYST IMAGE W/DRUG	1658
	78452	"Myocardial perfusion imaging, tomographic (SPECT) (including attenuation correction, qualitative or quantitative wall motion, ejection fraction by first pass or gated technique, additional quantification, when performed); multiple studies, at rest and/or stress (exercise or pharmacologic) and/or redistribution and/or rest reinjection"	3437
	80048	"Basic metabolic panel (Calcium, total) This panel must include the following: Calcium, total (82310), Carbon dioxide (82374), Chloride (82435), Creatinine (82565), Glucose (82947), Potassium (84132), Sodium (84295), Urea nitrogen (BUN) (84520)"	127
	80050	"General health panel This panel must include the following: Comprehensive metabolic panel (80053), Blood count, complete (CBC), automated and automated differential WBC count (85025 or 85027 and 85004), OR, Blood count, complete (CBC), automated (85027) and appropriate manual differential WBC count (85007 or 85009), Thyroid stimulating hormone (TSH) (84443)"	359
	80051	"Electrolyte panel This panel must include the following: Carbon dioxide (82374), Chloride (82435), Potassium (84132), Sodium (84295)"	105
	80053	"Comprehensive metabolic panel This panel must include the following: Albumin (82040), Bilirubin, total (82247), Calcium, total (82310), Carbon dioxide (bicarbonate) (82374), Chloride (82435), Creatinine (82565), Glucose (82947), Phosphatase, alkaline (84075), Potassium (84132), Protein, total (84155), Sodium (84295), Transferase, alanine amino (ALT) (SGPT) (84460), Transferase, aspartate amino (AST) (SGOT) (84450), Urea nitrogen (BUN) (84520)"	137
	80061	"Lipid panel This panel must include the following: Cholesterol, serum, total (82465), Lipoprotein, direct measurement, high density cholesterol (HDL cholesterol) (83718), Triglycerides (84478)"	121
	80069	"Renal function panel This panel must include the following: Albumin (82040), Calcium, total (82310), Carbon dioxide (bicarbonate) (82374), Chloride (82435), Creatinine (82565), Glucose (82947), Phosphorus inorganic (phosphate) (84100), Potassium (84132), Sodium (84295), Urea nitrogen (BUN) (84520)"	134
	80074	"Acute hepatitis panel This panel must include the following: Hepatitis A antibody (HAAb), IgM antibody (86709), Hepatitis B core antibody (HBcAb), IgM antibody (86705), Hepatitis B surface antigen (HBsAg) (87340), Hepatitis C antibody (86803)"	355
	80076	"Hepatic function panel This panel must include the following: Albumin (82040), Bilirubin, total (82247), Bilirubin, direct (82248), Phosphatase, alkaline (84075), Protein, total (84155), Transferase, alanine amino (ALT) (SGPT) (84460), Transferase, aspartate amino (AST) (SGOT) (84450)"	127
	80156	Carbamazepine; total	116
	80158	Cyclosporine	181
	80159	HC DRUG SCREEN QUANT CLOZAPINE	172
	80162	Digoxin	108
	80164	Dipropylacetic acid (valproic acid)	108
	80168	Ethosuximide	130
	80175	HC DRUG SCREEN QUANT LAMOTRIGINE	214
	80177	HC DRUG SCREEN QUAN LEVETIRACETAM	214
	80178	Lithium	76
	80180	HC DRUG SCREEN QUANT MYCOPHENOLATE	206
	80184	Phenobarbital	92
	80185	Phenytoin; total	106
	80197	Tacrolimus	195
	80201	Topiramate	85
	80202	Vancomycin	149
	80203	HC DRUG SCREEN QUANT ZONISAMIDE	187
	80306	HC DRUG TEST(S) PRSMV INSTRUMENT	100
	80307	HC DRUG TEST(S) PRSMV CHEM ANLYZR	78
	80339	HC DRUG TEST DEF 1-2 CLASS ANTIEPILEPTICS NOS	171
	81001	"Urinalysis, by dip stick or tablet reagent for bilirubin, glucose, hemoglobin, ketones, leukocytes, nitrite, pH, protein, specific gravity, urobilinogen, any number of these constituents; automated, with microscopy"	46
	81003	"Urinalysis, by dip stick or tablet reagent for bilirubin, glucose, hemoglobin, ketones, leukocytes, nitrite, pH, protein, specific gravity, urobilinogen, any number of these constituents; automated, without microscopy"	23
	81015	Urinalysis; microscopic only	26
	81025	"Urine pregnancy test, by visual color comparison methods"	50
	82009	"Acetone or other ketone bodies, serum; qualitative"	36
	82024	Adrenocorticotropic hormone (ACTH)	220
	82040	"Albumin; serum, plasma or whole blood"	39
	82043	"Albumin; urine, microalbumin, quantitative"	70
	82088	Aldosterone	236
	82105	Alpha-fetoprotein (AFP); serum	160
	82140	Ammonia	99
	82150	Amylase	64
	82247	Bilirubin; total	46
	82248	Bilirubin; direct	48
	82270	"Blood, occult, by peroxidase activity (eg, guaiac), qualitative; feces, consecutive collected specimens with single determination, for colorectal neoplasm screening (ie, patient was provided 3 cards or single triple card for consecutive collection)"	37
	82272	"Blood, occult, by peroxidase activity (eg, guaiac), qualitative, feces, 1-3 simultaneous determinations, performed for other than colorectal neoplasm screening"	24
	82306	"Vitamin D; 25 hydroxy, includes fraction(s), if performed"	276
	82310	Calcium; total	49
	82340	"Calcium; urine quantitative, timed specimen"	50
	82360	"Calculus; quantitative analysis, chemical"	74
	82365	Calculus; infrared spectroscopy	74
	82374	Carbon dioxide (bicarbonate)	52
	82378	Carcinoembryonic antigen (CEA)	151
	82435	Chloride; blood	52
	82465	"Cholesterol, serum or whole blood, total"	42
	82533	Cortisol; total	130
	82550	"Creatine kinase (CK), (CPK); total"	86
	82553	"Creatine kinase (CK), (CPK); MB fraction only"	125
	82565	Creatinine; blood	52
	82570	Creatinine; other source	51
	82575	Creatinine; clearance	86
	82595	"Cryoglobulin, qualitative or semi-quantitative (eg, cryocrit)"	92
	82607	Cyanocobalamin (Vitamin B-12);	120
	82627	Dehydroepiandrosterone-sulfate (DHEA-S)	214
	82652	"Vitamin D; 1, 25 dihydroxy, includes fraction(s), if performed"	292
	82656	"Elastase, pancreatic (EL-1), fecal, qualitative or semi-quantitative"	523
	82677	Estriol	123
	82728	Ferritin	109
	82746	Folic acid; serum	117
	82784	"Gammaglobulin (immunoglobulin); IgA, IgD, IgG, IgM, each"	176
	82800	"Gases, blood, pH only"	75
	82803	"Gases, blood, any combination of pH, pCO2, pO2, CO2, HCO3 (including calculated O2 saturation);"	92
	82947	"Glucose; quantitative, blood (except reagent strip)"	39
	82948	"Glucose; blood, reagent strip"	17
	82950	Glucose; post glucose dose (includes glucose)	42
	82951	"Glucose; tolerance test (GTT), 3 specimens (includes glucose)"	82
	82952	"Glucose; tolerance test, each additional beyond 3 specimens (List separately in addition to code for primary procedure)"	39
	82955	Glucose-6-phosphate dehydrogenase (G6PD); quantitative	98
	82960	Glucose-6-phosphate dehydrogenase (G6PD); screen	106
	82962	"Glucose, blood by glucose monitoring device(s) cleared by the FDA specifically for home use"	49
	82977	"Glutamyltransferase, gamma (GGT)"	60
	82985	Glycated protein	121
	83001	Gonadotropin; follicle stimulating hormone (FSH)	148
	83002	Gonadotropin; luteinizing hormone (LH)	148
	83036	Hemoglobin; glycosylated (A1C)	91
	83516	"Immunoassay for analyte other than infectious agent antibody or infectious agent antigen; qualitative or semiquantitative, multiple step method"	66
	83520	"Immunoassay for analyte other than infectious agent antibody or infectious agent antigen; quantitative, not otherwise specified"	74
	83525	Insulin; total	66
	83540	Iron	52
	83550	Iron binding capacity	62
	83605	Lactate (lactic acid)	160
	83615	"Lactate dehydrogenase (LD), (LDH);"	78
	83655	Lead	72
	83690	Lipase	59
	83718	"Lipoprotein, direct measurement; high density cholesterol (HDL cholesterol)"	65
	83721	"Lipoprotein, direct measurement; LDL cholesterol"	62
	83735	Magnesium	56
	83874	Myoglobin	136
	83880	Natriuretic peptide	195
	83921	"Organic acid, single, quantitative"	98
	83930	Osmolality; blood	53
	83935	Osmolality; urine	54
	83970	Parathormone (parathyroid hormone)	234
	83993	"Calprotectin, fecal"	286
	84075	"Phosphatase, alkaline;"	54
	84100	Phosphorus inorganic (phosphate);	46
	84110	"Porphobilinogen, urine; quantitative"	50
	84132	"Potassium; serum, plasma or whole blood"	56
	84133	Potassium; urine	55
	84146	Prolactin	155
	84153	Prostate specific antigen (PSA); total	150
	84154	Prostate specific antigen (PSA); free	147
	84155	"Protein, total, except by refractometry; serum, plasma or whole blood"	70
	84156	"Protein, total, except by refractometry; urine"	70
	84165	"Protein; electrophoretic fractionation and quantitation, serum"	86
	84166	"Protein; electrophoretic fractionation and quantitation, other fluids with concentration (eg, urine, CSF)"	104
	84244	Renin	126
	84295	"Sodium; serum, plasma or whole blood"	56
	84300	Sodium; urine	61
	84402	Testosterone; free	145
	84403	Testosterone; total	206
	84425	Thiamine (Vitamin B-1)	228
	84432	Thyroglobulin	173
	84439	Thyroxine; free	78
	84443	Thyroid stimulating hormone (TSH)	136
	84450	Transferase; aspartate amino (AST) (SGOT)	54
	84460	Transferase; alanine amino (ALT) (SGPT)	54
	84466	Transferrin	73
	84480	Triiodothyronine T3; total (TT-3)	52
	84481	Triiodothyronine T3; free	147
	84482	Triiodothyronine T3; reverse	149
	84484	"Troponin, quantitative"	220
	84520	Urea nitrogen; quantitative	49
	84550	Uric acid; blood	46
	84630	Zinc	99
	84681	C-peptide	121
	84702	"Gonadotropin, chorionic (hCG); quantitative"	136
	84703	"Gonadotropin, chorionic (hCG); qualitative"	62
	85004	Blood count; automated differential WBC count	40
	85007	"Blood count; blood smear, microscopic examination with manual differential WBC count"	33
	85014	Blood count; hematocrit (Hct)	45
	85018	Blood count; hemoglobin (Hgb)	45
	85025	"Blood count; complete (CBC), automated (Hgb, Hct, RBC, WBC and platelet count) and automated differential WBC count"	86
	85027	"Blood count; complete (CBC), automated (Hgb, Hct, RBC, WBC and platelet count)"	72
	85044	"Blood count; reticulocyte, manual"	59
	85048	"Blood count; leukocyte (WBC), automated"	50
	85049	"Blood count; platelet, automated"	46
	85379	"Fibrin degradation products, D-dimer; quantitative"	99
	85384	Fibrinogen; activity	125
	85610	Prothrombin time;	46
	85652	"Sedimentation rate, erythrocyte; automated"	48
	85730	"Thromboplastin time, partial (PTT); plasma or whole blood"	49
	86038	Antinuclear antibodies (ANA);	72
	86039	Antinuclear antibodies (ANA); titer	72
	86060	Antistreptolysin 0; titer	59
	86140	C-reactive protein;	79
	86160	"Complement; antigen, each component"	96
	86162	Complement; total hemolytic (CH50)	116
	86200	"Cyclic citrullinated peptide (CCP), antibody"	83
	86225	Deoxyribonucleic acid (DNA) antibody; native or double stranded	113
	86235	"Extractable nuclear antigen, antibody to, any method (eg, nRNP, SS-A, SS-B, Sm, RNP, Sc170, J01), each antibody"	165
	86255	"Fluorescent noninfectious agent antibody; screen, each antibody"	154
	86256	"Fluorescent noninfectious agent antibody; titer, each antibody"	144
	86304	"Immunoassay for tumor antigen, quantitative; CA 125"	166
	86308	Heterophile antibodies; screening	52
	86316	"Immunoassay for tumor antigen, other antigen, quantitative (eg, CA 50, 72-4, 549), each"	212
	86336	Inhibin A	75
	86376	"Microsomal antibodies (eg, thyroid or liver-kidney), each"	116
	86430	Rheumatoid factor; qualitative	49
	86431	Rheumatoid factor; quantitative	64
	86480	"Tuberculosis test, cell mediated immunity antigen response measurement; gamma interferon"	331
	86615	Antibody; Bordetella	91
	86617	"Antibody; Borrelia burgdorferi (Lyme disease) confirmatory test (eg, Western Blot or immunoblot)"	138
	86618	Antibody; Borrelia burgdorferi (Lyme disease)	98
	86635	Antibody; Coccidioides	98
	86663	"Antibody; Epstein-Barr (EB) virus, early antigen (EA)"	78
	86664	"Antibody; Epstein-Barr (EB) virus, nuclear antigen (EBNA)"	89
	86665	"Antibody; Epstein-Barr (EB) virus, viral capsid (VCA)"	104
	86695	"Antibody; herpes simplex, type 1"	85
	86696	"Antibody; herpes simplex, type 2"	73
	86706	Hepatitis B surface antibody (HBsAb)	86
	86735	Antibody; mumps	78
	86738	Antibody; mycoplasma	128
	86762	Antibody; rubella	85
	86765	Antibody; rubeola	74
	86777	Antibody; Toxoplasma	115
	86780	Antibody; Treponema pallidum	77
	86800	Thyroglobulin antibody	159
	86803	Hepatitis C antibody;	114
	86850	"Antibody screen, RBC, each serum technique"	105
	86870	"Antibody identification, RBC antibodies, each panel for each serum technique"	151
	86880	"Antihuman globulin test (Coombs test); direct, each antiserum"	78
	86885	"Antihuman globulin test (Coombs test); indirect, qualitative, each reagent red cell"	33
	86900	Blood typing; ABO	28
	86901	Blood typing; Rh (D)	28
	86902	"Blood typing; antigen testing of donor blood using reagent serum, each antigen test"	100
	86920	Compatibility test each unit; immediate spin technique	98
	87040	"Culture, bacterial; blood, aerobic, with isolation and presumptive identification of isolates (includes anaerobic culture, if appropriate)"	128
	87070	"Culture, bacterial; any other source except urine, blood or stool, aerobic, with isolation and presumptive identification of isolates"	86
	87077	"Culture, bacterial; aerobic isolate, additional methods required for definitive identification, each isolate"	55
	87081	"Culture, presumptive, pathogenic organisms, screening only;"	39
	87086	"Culture, bacterial; quantitative colony count, urine"	72
	87101	"Culture, fungi (mold or yeast) isolation, with presumptive identification of isolates; skin, hair, or nail"	46
	87186	"Susceptibility studies, antimicrobial agent; microdilution or agar dilution (minimum inhibitory concentration [MIC] or breakpoint), each multi-antimicrobial, per plate"	77
	87205	"Smear, primary source with interpretation; Gram or Giemsa stain for bacteria, fungi, or cell types"	39
	87338	"Infectious agent antigen detection by enzyme immunoassay technique, qualitative or semiquantitative, multiple-step method; Helicobacter pylori, stool"	79
	87340	"Infectious agent antigen detection by enzyme immunoassay technique, qualitative or semiquantitative, multiple-step method; hepatitis B surface antigen (HBsAg)"	78
	87389	HC HIV-1 AG W/ HIV-1 & HIV-2 AB	83
	87480	"Infectious agent detection by nucleic acid (DNA or RNA); Candida species, direct probe technique"	112
	87491	"Infectious agent detection by nucleic acid (DNA or RNA); Chlamydia trachomatis, amplified probe technique"	161
	87493	"Infectious agent detection by nucleic acid (DNA or RNA); Clostridium difficile, toxin gene(s), amplified probe technique"	114
	87497	"Infectious agent detection by nucleic acid (DNA or RNA); cytomegalovirus, quantification"	237
	87502	"Infectious agent detection by nucleic acid (DNA or RNA); influenza virus, for multiple types or sub-types, reverse transcription and amplified probe technique, first 2 types or sub-types"	210
	87507	HC IADNA-DNA/RNA PROBE TQ 12-25	331
	87510	"Infectious agent detection by nucleic acid (DNA or RNA); Gardnerella vaginalis, direct probe technique"	112
	87591	"Infectious agent detection by nucleic acid (DNA or RNA); Neisseria gonorrhoeae, amplified probe technique"	114
	87634	PBB RSV DNA/RNA AMP PROBE	173
	87635	PBB SARS-COV-2 COVID-19 AMP PRB	115
	87640	"Infectious agent detection by nucleic acid (DNA or RNA); Staphylococcus aureus, amplified probe technique"	185
	87641	"Infectious agent detection by nucleic acid (DNA or RNA); Staphylococcus aureus, methicillin resistant, amplified probe technique"	185
	87651	"Infectious agent detection by nucleic acid (DNA or RNA); Streptococcus, group A, amplified probe technique"	188
	87660	"Infectious agent detection by nucleic acid (DNA or RNA); Trichomonas vaginalis, direct probe technique"	112
	87798	"Infectious agent detection by nucleic acid (DNA or RNA), not otherwise specified; amplified probe technique, each organism"	187
	87799	"Infectious agent detection by nucleic acid (DNA or RNA), not otherwise specified; quantification, each organism"	276
	87804	Infectious agent antigen detection by immunoassay with direct optical observation; Influenza	49
	87880	"Infectious agent antigen detection by immunoassay with direct optical observation; Streptococcus, group A"	72
	88112	"Cytopathology, selective cellular enhancement technique with interpretation (eg, liquid based slide preparation method), except cervical or vaginal"	183
	88173	"Cytopathology, evaluation of fine needle aspirate; interpretation and report"	144
	88304	"Level III - Surgical pathology, gross and microscopic examination Abortion, induced, Abscess, Aneurysm - arterial/ventricular, Anus, tag, Appendix, other than incidental, Artery, atheromatous plaque, Bartholin's gland cyst, Bone fragment(s), other than pathologic fracture, Bursa/synovial cyst, Carpal tunnel tissue, Cartilage, shavings, Cholesteatoma, Colon, colostomy stoma, Conjunctiva - biopsy/pterygium, Cornea, Diverticulum - esophagus/small intestine, Dupuytren's contracture tissue, Femoral head, other than fracture, Fissure/fistula, Foreskin, other than newborn, Gallbladder, Ganglion cyst, Hematoma, Hemorrhoids, Hydatid of Morgagni, Intervertebral disc, Joint, loose body, Meniscus, Mucocele, salivary, Neuroma - Morton's/traumatic, Pilonidal cyst/sinus, Polyps, inflammatory - nasal/sinusoidal, Skin - cyst/tag/debridement, Soft tissue, debridement, Soft tissue, lipoma, Spermatocele, Tendon/tendon sheath, Testicular appendage, Thrombus or embolus, Tonsil and/or adenoids, Varicocele, Vas deferens, other than sterilization, Vein, varicosity"	105
	88305	"Level IV - Surgical pathology, gross and microscopic examination Abortion - spontaneous/missed, Artery, biopsy, Bone marrow, biopsy, Bone exostosis, Brain/meninges, other than for tumor resection, Breast, biopsy, not requiring microscopic evaluation of surgical margins, Breast, reduction mammoplasty, Bronchus, biopsy, Cell block, any source, Cervix, biopsy, Colon, biopsy, Duodenum, biopsy, Endocervix, curettings/biopsy, Endometrium, curettings/biopsy, Esophagus, biopsy, Extremity, amputation, traumatic, Fallopian tube, biopsy, Fallopian tube, ectopic pregnancy, Femoral head, fracture, Fingers/toes, amputation, non-traumatic, Gingiva/oral mucosa, biopsy, Heart valve, Joint, resection, Kidney, biopsy, Larynx, biopsy, Leiomyoma(s), uterine myomectomy - without uterus, Lip, biopsy/wedge resection, Lung, transbronchial biopsy, Lymph node, biopsy, Muscle, biopsy, Nasal mucosa, biopsy, Nasopharynx/oropharynx, biopsy, Nerve, biopsy, Odontogenic/dental cyst, Omentum, biopsy, Ovary with or without tube, non-neoplastic, Ovary, biopsy/wedge resection, Parathyroid gland, Peritoneum, biopsy, Pituitary tumor, Placenta, other than third trimester, Pleura/pericardium - biopsy/tissue, Polyp, cervical/endometrial, Polyp, colorectal, Polyp, stomach/small intestine, Prostate, needle biopsy, Prostate, TUR, Salivary gland, biopsy, Sinus, paranasal biopsy, Skin, other than cyst/tag/debridement/plastic repair, Small intestine, biopsy, Soft tissue, other than tumor/mass/lipoma/debridement, Spleen, Stomach, biopsy, Synovium, Testis, other than tumor/biopsy/castration, Thyroglossal duct/brachial cleft cyst, Tongue, biopsy, Tonsil, biopsy, Trachea, biopsy, Ureter, biopsy, Urethra, biopsy, Urinary bladder, biopsy, Uterus, with or without tubes and ovaries, for prolapse, Vagina, biopsy, Vulva/labia, biopsy"	142
	88307	"Level V - Surgical pathology, gross and microscopic examination Adrenal, resection, Bone - biopsy/curettings, Bone fragment(s), pathologic fracture, Brain, biopsy, Brain/meninges, tumor resection, Breast, excision of lesion, requiring microscopic evaluation of surgical margins, Breast, mastectomy - partial/simple, Cervix, conization, Colon, segmental resection, other than for tumor, Extremity, amputation, non-traumatic, Eye, enucleation, Kidney, partial/total nephrectomy, Larynx, partial/total resection, Liver, biopsy - needle/wedge, Liver, partial resection, Lung, wedge biopsy, Lymph nodes, regional resection, Mediastinum, mass, Myocardium, biopsy, Odontogenic tumor, Ovary with or without tube, neoplastic, Pancreas, biopsy, Placenta, third trimester, Prostate, except radical resection, Salivary gland, Sentinel lymph node, Small intestine, resection, other than for tumor, Soft tissue mass (except lipoma) - biopsy/simple excision, Stomach - subtotal/total resection, other than for tumor, Testis, biopsy, Thymus, tumor, Thyroid, total/lobe, Ureter, resection, Urinary bladder, TUR, Uterus, with or without tubes and ovaries, other than neoplastic/prolapse"	316
	88311	Decalcification procedure (List separately in addition to code for surgical pathology examination)	16
	88312	"Special stains; Group I for microorganisms (eg, Gridley, acid fast, methenamine silver), including interpretation and report, each"	138
	88313	"Special stains; Group II, all other (eg, iron, trichrome), except immunocytochemistry and immunoperoxidase stains, including interpretation and report, each"	110
	88341	PBB IMMUNOHISTO ANTIBODY ADDL SLIDE	133
	88342	"Immunohistochemistry (including tissue immunoperoxidase), each antibody"	133
	88361	"Morphometric analysis, tumor immunohistochemistry (eg, Her-2/neu, estrogen receptor/progesterone receptor), quantitative or semiquantitative, each antibody; using computer-assisted technology"	390
	89051	"Cell count, miscellaneous body fluids (eg, cerebrospinal fluid, joint fluid), except blood; with differential count"	143
	89060	"Crystal identification by light microscopy with or without polarizing lens analysis, tissue or any body fluid (except urine)"	77
	90471	"Immunization administration (includes percutaneous, intradermal, subcutaneous, or intramuscular injections); 1 vaccine (single or combination vaccine/toxoid)"	92
	90472	"Immunization administration (includes percutaneous, intradermal, subcutaneous, or intramuscular injections); each additional vaccine (single or combination vaccine/toxoid) (List separately in addition to code for primary procedure)"	89
	90662	"Influenza virus vaccine, split virus, preservative free, enhanced immunogenicity via increased antigen content, for intramuscular use"	186
	90670	"Pneumococcal conjugate vaccine, 13 valent, for intramuscular use"	492
	90675	"Rabies vaccine, for intramuscular use"	782
	90714	"Tetanus and diphtheria toxoids (Td) adsorbed, preservative free, when administered to individuals 7 years or older, for intramuscular use"	157
	90715	"Tetanus, diphtheria toxoids and acellular pertussis vaccine (Tdap), when administered to individuals 7 years or older, for intramuscular use"	181
	90732	"Pneumococcal polysaccharide vaccine, 23-valent, adult or immunosuppressed patient dosage, when administered to individuals 2 years or older, for subcutaneous or intramuscular use"	298
	92507	"Treatment of speech, language, voice, communication, and/or auditory processing disorder; individual"	198
	92523	HC EVAL SPEECH SOUND LANG COMPREHEN	254
	92524	HC BEHAVIORAL QUAL ANALYSIS VOICE	254
	92526	Treatment of swallowing dysfunction and/or oral function for feeding	193
	92610	Evaluation of oral and pharyngeal swallowing function	331
	92611	Motion fluoroscopic evaluation of swallowing function by cine or video recording	386
	92950	"Cardiopulmonary resuscitation (eg, in cardiac arrest)"	822
	93005	"Electrocardiogram, routine ECG with at least 12 leads; tracing only, without interpretation and report"	210
	93010	"Electrocardiogram, routine ECG with at least 12 leads; interpretation and report only"	40
	93017	"Cardiovascular stress test using maximal or submaximal treadmill or bicycle exercise, continuous electrocardiographic monitoring, and/or pharmacological stress; tracing only, without interpretation and report"	675
	93225	"External electrocardiographic recording up to 48 hours by continuous rhythm recording and storage; recording (includes connection, recording, and disconnection)"	442
	93226	External electrocardiographic recording up to 48 hours by continuous rhythm recording and storage; scanning analysis with report	465
	93306	"Echocardiography, transthoracic, real-time with image documentation (2D), includes M-mode recording, when performed, complete, with spectral Doppler echocardiography, and with color flow Doppler echocardiography"	3114
	93668	"Peripheral arterial disease (PAD) rehabilitation, per session"	170
	93797	Physician services for outpatient cardiac rehabilitation; without continuous ECG monitoring (per session)	212
	93798	Physician services for outpatient cardiac rehabilitation; with continuous ECG monitoring (per session)	210
	93880	Duplex scan of extracranial arteries; complete bilateral study	816
	93882	Duplex scan of extracranial arteries; unilateral or limited study	605
	93970	Duplex scan of extremity veins including responses to compression and other maneuvers; complete bilateral study	1190
	93971	Duplex scan of extremity veins including responses to compression and other maneuvers; unilateral or limited study	740
	94002	"Ventilation assist and management, initiation of pressure or volume preset ventilators for assisted or controlled breathing; hospital inpatient/observation, initial day"	1200
	94010	"Spirometry, including graphic record, total and timed vital capacity, expiratory flow rate measurement(s), with or without maximal voluntary ventilation"	215
	94060	"Bronchodilation responsiveness, spirometry as in 94010, pre- and post-bronchodilator administration"	441
	94617	PR EXERCISE TST BRNCSPSM W ECG	441
	94618	HC PULMONARY STRESS TESTING	210
	94640	"Pressurized or nonpressurized inhalation treatment for acute airway obstruction or for sputum induction for diagnostic purposes (eg, with an aerosol generator, nebulizer, metered dose inhaler or intermittent positive pressure breathing [IPPB] device)"	205
	94660	"Continuous positive airway pressure ventilation (CPAP), initiation and management"	1103
	94664	"Demonstration and/or evaluation of patient utilization of an aerosol generator, nebulizer, metered dose inhaler or IPPB device"	195
	94667	"Manipulation chest wall, such as cupping, percussing, and vibration to facilitate lung function; initial demonstration and/or evaluation"	170
	94668	"Manipulation chest wall, such as cupping, percussing, and vibration to facilitate lung function; subsequent"	188
	94726	PBB PULM FUNCT TST PLETHYSMOGRAP	345
	94729	HC C0/MEMBRANE DIFFUSE CAPACITY	223
	94761	"Noninvasive ear or pulse oximetry for oxygen saturation; multiple determinations (eg, during exercise)"	160
	94762	Noninvasive ear or pulse oximetry for oxygen saturation; by continuous overnight monitoring (separate procedure)	328
	95800	"Sleep study, unattended, simultaneous recording; heart rate, oxygen saturation, respiratory analysis (eg, by airflow or peripheral arterial tone), and sleep time"	573
	95810	"Polysomnography; sleep staging with 4 or more additional parameters of sleep, attended by a technologist"	2967
	95811	"Polysomnography; sleep staging with 4 or more additional parameters of sleep, with initiation of continuous positive airway pressure therapy or bilevel ventilation, attended by a technologist"	3372
	95992	"Canalith repositioning procedure(s) (eg, Epley maneuver, Semont maneuver), per day"	124
	96125	"Standardized cognitive performance testing (eg, Ross Information Processing Assessment) per hour of a qualified health care professional's time, both face-to-face time administering tests to the patient and time interpreting these test results and preparing the report"	244
	96360	"Intravenous infusion, hydration; initial, 31 minutes to 1 hour"	271
	96361	"Intravenous infusion, hydration; each additional hour (List separately in addition to code for primary procedure)"	208
	96365	"Intravenous infusion, for therapy, prophylaxis, or diagnosis (specify substance or drug); initial, up to 1 hour"	450
	96366	"Intravenous infusion, for therapy, prophylaxis, or diagnosis (specify substance or drug); each additional hour (List separately in addition to code for primary procedure)"	184
	96367	"Intravenous infusion, for therapy, prophylaxis, or diagnosis (specify substance or drug); additional sequential infusion, up to 1 hour (List separately in addition to code for primary procedure)"	132
	96372	"Therapeutic, prophylactic, or diagnostic injection (specify substance or drug); subcutaneous or intramuscular"	92
	96374	"Therapeutic, prophylactic, or diagnostic injection (specify substance or drug); intravenous push, single or initial substance/drug"	159
	96375	"Therapeutic, prophylactic, or diagnostic injection (specify substance or drug); each additional sequential intravenous push of a new substance/drug (List separately in addition to code for primary procedure)"	126
	96376	"Therapeutic, prophylactic, or diagnostic injection (specify substance or drug); each additional sequential intravenous push of the same substance/drug provided in a facility (List separately in addition to code for primary procedure)"	74
	96523	Irrigation of implanted venous access device for drug delivery systems	148
	97012	"Application of a modality to 1 or more areas; traction, mechanical"	93
	97018	Application of a modality to 1 or more areas; paraffin bath	100
	97032	"Application of a modality to 1 or more areas; electrical stimulation (manual), each 15 minutes"	100
	97033	"Application of a modality to 1 or more areas; iontophoresis, each 15 minutes"	105
	97035	"Application of a modality to 1 or more areas; ultrasound, each 15 minutes"	78
	97110	"Therapeutic procedure, 1 or more areas, each 15 minutes; therapeutic exercises to develop strength and endurance, range of motion and flexibility"	186
	97112	"Therapeutic procedure, 1 or more areas, each 15 minutes; neuromuscular reeducation of movement, balance, coordination, kinesthetic sense, posture, and/or proprioception for sitting and/or standing activities"	93
	97116	"Therapeutic procedure, 1 or more areas, each 15 minutes; gait training (includes stair climbing)"	93
	97129	HC THER IVNTJ COG FUNCJ 1ST 15 MIN	86
	97130	HC THER IVNTJ COG FUNCJ EA ADDL 15 MIN	130
	97140	"Manual therapy techniques (eg, mobilization/ manipulation, manual lymphatic drainage, manual traction), 1 or more regions, each 15 minutes"	93
	97161	HC PT EVAL LOW COMPLEX	166
	97162	HC PT EVAL MOD COMPLEX	198
	97163	HC PT EVAL HIGH COMPLEX	232
	97164	HC PT RE-EVAL EST PLAN CARE	132
	97165	HC OT EVAL LOW COMPLEX	166
	97166	HC OT EVAL MOD COMPLEX	198
	97530	"Therapeutic activities, direct (one-on-one) patient contact by the provider (use of dynamic activities to improve functional performance), each 15 minutes"	93
	97535	"Self-care/home management training (eg, activities of daily living (ADL) and compensatory training, meal preparation, safety procedures, and instructions in use of assistive technology devices/adaptive equipment) direct one-on-one contact by provider, each 15 minutes"	186
	97542	"Wheelchair management (eg, assessment, fitting, training), each 15 minutes"	186
	97760	"Orthotic(s) management and training (including assessment and fitting when not otherwise reported), upper extremity(s), lower extremity(s) and/or trunk, each 15 minutes"	93
	99195	"Phlebotomy, therapeutic (separate procedure)"	156
	99203	"Office or other outpatient visit for the evaluation and management of a new patient, which requires these 3 key components: A detailed history; A detailed examination; Medical decision making of low complexity. Counseling and/or coordination of care with other providers or agencies are provided consistent with the nature of the problem(s) and the patient's and/or family's needs. Usually, the presenting problem(s) are of moderate severity. Physicians typically spend 30 minutes face-to-face with the patient and/or family."	287
	99211	"Office or other outpatient visit for the evaluation and management of an established patient, that may not require the presence of a physician. Usually, the presenting problem(s) are minimal. Typically, 5 minutes are spent performing or supervising these services."	25
	99212	"Office or other outpatient visit for the evaluation and management of an established patient, which requires at least 2 of these 3 key components: A problem focused history; A problem focused examination; Straightforward medical decision making. Counseling and/or coordination of care with other providers or agencies are provided consistent with the nature of the problem(s) and the patient's and/or family's needs. Usually, the presenting problem(s) are self limited or minor. Physicians typically spend 10 minutes face-to-face with the patient and/or family."	124
	99217	"Observation care discharge day management (This code is to be utilized by the physician to report all services provided to a patient on discharge from ""observation status"" if the discharge is on other than the initial date of ""observation status."" To report services to a patient designated as ""observation status"" or ""inpatient status"" and discharged on the same date, use the codes for Observation or Inpatient Care Services [including Admission and Discharge Services, 99234-99236 as appropriate.])"	204
	99218	"Initial observation care, per day, for the evaluation and management of a patient which requires these 3 key components: A detailed or comprehensive history; A detailed or comprehensive examination; and Medical decision making that is straightforward or of low complexity. Counseling and/or coordination of care with other providers or agencies are provided consistent with the nature of the problem(s) and the patient's and/or family's needs. Usually, the problem(s) requiring admission to ""observation status"" are of low severity."	232
	99219	"Initial observation care, per day, for the evaluation and management of a patient, which requires these 3 key components: A comprehensive history; A comprehensive examination; and Medical decision making of moderate complexity. Counseling and/or coordination of care with other providers or agencies are provided consistent with the nature of the problem(s) and the patient's and/or family's needs. Usually, the problem(s) requiring admission to ""observation status"" are of moderate severity."	381
	99220	"Initial observation care, per day, for the evaluation and management of a patient, which requires these 3 key components: A comprehensive history; A comprehensive examination; and Medical decision making of high complexity. Counseling and/or coordination of care with other providers or agencies are provided consistent with the nature of the problem(s) and the patient's and/or family's needs. Usually, the problem(s) requiring admission to ""observation status"" are of high severity."	497
	99225	"Subsequent observation care, per day, for the evaluation and management of a patient, which requires at least 2 of these 3 key components: An expanded problem focused interval history; An expanded problem focused examination; Medical decision making of moderate complexity. Counseling and/or coordination of care with other providers or agencies are provided consistent with the nature of the problem(s) and the patient's and/or family's needs. Usually, the patient is responding inadequately to therapy or has developed a minor complication. Physicians typically spend 25 minutes at the bedside and on the patient's hospital floor or unit."	138
	99226	"Subsequent observation care, per day, for the evaluation and management of a patient, which requires at least 2 of these 3 key components: A detailed interval history; A detailed examination; Medical decision making of high complexity. Counseling and/or coordination of care with other providers or agencies are provided consistent with the nature of the problem(s) and the patient's and/or family's needs. Usually, the patient is unstable or has developed a significant complication or a significant new problem. Physicians typically spend 35 minutes at the bedside and on the patient's hospital floor or unit."	221
	99235	"Observation or inpatient hospital care, for the evaluation and management of a patient including admission and discharge on the same date, which requires these 3 key components: A comprehensive history; A comprehensive examination; and Medical decision making of moderate complexity. Counseling and/or coordination of care with other providers or agencies are provided consistent with the nature of the problem(s) and the patient's and/or family's needs. Usually the presenting problem(s) requiring admission are of moderate severity."	497
	99281	"Emergency department visit for the evaluation and management of a patient, which requires these 3 key components: A problem focused history; A problem focused examination; and Straightforward medical decision making. Counseling and/or coordination of care with other providers or agencies are provided consistent with the nature of the problem(s) and the patient's and/or family's needs. Usually, the presenting problem(s) are self limited or minor."	176
	99282	"Emergency department visit for the evaluation and management of a patient, which requires these 3 key components: An expanded problem focused history; An expanded problem focused examination; and Medical decision making of low complexity. Counseling and/or coordination of care with other providers or agencies are provided consistent with the nature of the problem(s) and the patient's and/or family's needs. Usually, the presenting problem(s) are of low to moderate severity."	210
	99283	"Emergency department visit for the evaluation and management of a patient, which requires these 3 key components: An expanded problem focused history; An expanded problem focused examination; and Medical decision making of moderate complexity. Counseling and/or coordination of care with other providers or agencies are provided consistent with the nature of the problem(s) and the patient's and/or family's needs. Usually, the presenting problem(s) are of moderate severity."	364
	99284	"Emergency department visit for the evaluation and management of a patient, which requires these 3 key components: A detailed history; A detailed examination; and Medical decision making of moderate complexity. Counseling and/or coordination of care with other providers or agencies are provided consistent with the nature of the problem(s) and the patient's and/or family's needs. Usually, the presenting problem(s) are of high severity, and require urgent evaluation by the physician but do not pose an immediate significant threat to life or physiologic function."	632
	99285	"Emergency department visit for the evaluation and management of a patient, which requires these 3 key components within the constraints imposed by the urgency of the patient's clinical condition and/or mental status: A comprehensive history; A comprehensive examination; and Medical decision making of high complexity. Counseling and/or coordination of care with other providers or agencies are provided consistent with the nature of the problem(s) and the patient's and/or family's needs. Usually, the presenting problem(s) are of high severity and pose an immediate significant threat to life or physiologic function."	907
	99291	"Critical care, evaluation and management of the critically ill or critically injured patient; first 30-74 minutes"	1985
	99292	"Critical care, evaluation and management of the critically ill or critically injured patient; each additional 30 minutes (List separately in addition to code for primary service)"	1425
	99441	"Telephone evaluation and management service provided by a physician to an established patient, parent, or guardian not originating from a related E/M service provided within the previous 7 days nor leading to an E/M service or procedure within the next 24 hours or soonest available appointment; 5-10 minutes of medical discussion"	36
	A0425	"Ground mileage, per statute mile"	220
	A0426	"Ambulance service, advanced life support, non-emergency transport, level 1 (ALS 1)"	662
	A0427	"Ambulance service, advanced life support, emergency transport, level 1 (ALS1-emergency)"	1048
	A0428	"Ambulance service, basic life support, non-emergency transport, (BLS)"	551
	A0429	"Ambulance service, basic life support, emergency transport (BLS-emergency)"	882
	A0433	"Advanced life support, level 2 (ALS 2)"	1433
	A9500	"Technetium Tc-99M sestamibi, diagnostic, per study dose"	474
	A9537	"Technetium Tc-99M mebrofenin, diagnostic, per study dose, up to 15 millicuries"	153
	C9290	"Injection, bupivacaine liposome"	443
	C9803	"HC HOSP OP CLINIC VISIT SPEC COLLEC SARS-COV-2 COVID-19, ANY SOURCE"	72
	G0008	Administration of influenza virus vaccine	92
	G0009	Administration of pneumococcal vaccine	92
	G0103	Prostate cancer screening; prostate specific antigen test (PSA)	150
	G0104	Colorectal cancer screening; flexible sigmoidoscopy	2260
	G0105	Colorectal cancer screening; colonoscopy on individual at high risk	2137
	G0121	Colorectal cancer screening; colonoscopy on individual not meeting criteria for high risk	2137
	G0237	"Therapeutic procedures to increase strength or endurance of respiratory muscles, face to face, one on one, each 15 minutes (includes monitoring)"	420
	G0260	"Injection procedure for sacroiliac joint; provision of anesthetic, steroid and/or other therapeutic agent, with or without arthrography"	2070
	G0279	PR BREAST TOMOSYNTHESIS DIG DX UNIL/BILAT	35
	G0283	"Electrical stimulation (unattended), to one or more areas for indication(s) other than wound care, as part of a therapy plan of care"	78
	G0297	PR CT LUNG CANCER SCREEN	300
	G0328	"Colorectal cancer screening; fecal occult blood test, immunoassay, 1-3 simultaneous"	54
	G0378	"Hospital observation service, per hour"	1806
	G0379	Direct admission of patient for hospital observation care	129
	G0390	HC FULL TRAUMA RESPONS W CC FAC LEV 4	1323
	G0399	"Home sleep test (HST) with type III portable monitor, unattended; minimum of 4 channels: 2 respiratory movement/airflow, 1 ECG/heart rate and 1 oxygen saturation"	573
	G0404	"Electrocardiogram, routine ECG with 12 leads; tracing only, without interpretation and report, performed as a screening for the initial preventive physical examination"	210
	G0405	"Electrocardiogram, routine ECG with 12 leads; interpretation and report only, performed as a screening for the initial preventive physical examination"	40
	G0424	"Pulmonary rehabilitation, including exercise (includes monitoring), one hour, per session, up to two sessions per day"	254
	G0463	Hospital outpt clinic visit	166
	G0472	HC HEP C SCREEN HIGH RISK/OTHER	115
	G0480	Drug test def 1-7 classes	325
	G0481	Drug test def 8-14 classes	586
	G0482	Drug test def 15-21 classes	775
	G0515	"Development of cognitive skills to improve attention, memory, problem solving (includes compensatory training), direct (one-on-one) patient contact, each 15 minutes"	258
	J0131	Acetaminophen injection	182
	J0132	"Injection, acetylcysteine, 100 mg"	1216
	J0153	PBB ADENOSINE INJ 1 MG	99
	J0171	"Injection, adrenalin, epinephrine, 0.1 mg"	122
	J0295	"Injection, ampicillin sodium/sulbactam sodium, per 1.5 gm"	101
	J0330	"Injection, succinylcholine chloride, up to 20 mg"	126
	J0456	"Injection, azithromycin, 500 mg"	100
	J0461	"Injection, atropine sulfate, 0.01 mg"	102
	J0610	"Injection, calcium gluconate, per 10 ml"	106
	J0690	"Injection, cefazolin sodium, 500 mg"	110
	J0692	"Injection, Cefepime hydrochloride, 500 mg"	107
	J0696	"Injection, ceftriaxone sodium, per 250 mg"	118
	J0713	"Injection, ceftazidime, per 500 mg"	96
	J0744	"Injection, Ciprofloxacin for intravenous infusion, 200 mg"	96
	J0780	"Injection, prochlorperazine, up to 10 mg"	124
	J0881	"Injection, darbepoetin alfa, 1 microgram (non-ESRD use)"	1016
	J1100	"Injection, dexamethasone sodium phosphate, 1 mg"	99
	J1170	"Injection, hydromorphone, up to 4 mg"	91
	J1200	"Injection, diphenhydramine HCl, up to 50 mg"	90
	J1442	HC FILGRASTIM G-CSF 1MCG INJ	1150
	J1630	"Injection, haloperidol, up to 5 mg"	88
	J1642	"Injection, Heparin sodium, (Heparin lock flush), per 10 units"	89
	J1644	"Injection, Heparin sodium, per 1000 units"	101
	J1650	"Injection, enoxaparin sodium, 10 mg"	103
	J1756	"Injection, iron sucrose, 1 mg"	280
	J1815	"Injection, insulin, per 5 units"	6
	J1885	"Injection, ketorolac tromethamine, per 15 mg"	91
	J1940	"Injection, furosemide, up to 20 mg"	93
	J1953	"Injection, levetiracetam, 10 mg"	119
	J1956	"Injection, levofloxacin, 250 mg"	101
	J2060	"Injection, lorazepam, 2 mg"	88
	J2250	"Injection, midazolam hydrochloride, per 1 mg"	89
	J2270	"Injection, morphine sulfate, up to 10 mg"	95
	J2405	"Injection, ondansetron hydrochloride, per 1 mg"	89
	J2543	"Injection, piperacillin sodium/tazobactam sodium, 1 gram/0.125 grams (1.125 grams)"	111
	J2550	"Injection, promethazine HCl, up to 50 mg"	91
	J2704	"Inj, propofol, 10 mg"	92
	J2710	"Injection, neostigmine methylsulfate, up to 0.5 mg"	170
	J2760	"Injection, phentolamine mesylate, up to 5 mg"	927
	J2765	"Injection, metoclopramide HCl, up to 10 mg"	90
	J2785	"Injection, regadenoson, 0.1 mg"	573
	J2790	"Injection, Rho D immune globulin, human, full dose, 300 micrograms (1500 I.U.)"	324
	J2795	"Injection, ropivacaine hydrochloride, 1 mg"	99
	J2920	"Injection, methylprednisolone sodium succinate, up to 40 mg"	106
	J2930	"Injection, methylprednisolone sodium succinate, up to 125 mg"	107
	J2997	"Injection, alteplase recombinant, 1 mg"	6864
	J3010	"Injection, fentanyl citrate, 0.1 mg"	90
	J3301	"Injection, triamcinolone acetonide, not otherwise specified, 10 mg"	106
	J3360	"Injection, diazepam, up to 5 mg"	101
	J3370	"Injection, vancomycin HCl, 500 mg"	159
	J3411	"Injection, thiamine HCl, 100 mg"	107
	J3430	"Injection, phytonadione (vitamin K), per 1 mg"	136
	J3475	"Injection, magnesium sulfate, per 500 mg"	117
	J3480	"Injection, potassium chloride, per 2 meq"	98
	J7042	5% dextrose/normal saline (500 ml = 1 unit)	60
	J7120	"Ringers lactate infusion, up to 1000 cc"	60
	J7121	5% dextrose in lac ringers	90
	J7510	"Prednisolone oral, per 5 mg"	2
	J7512	Prednisone ir or dr oral 1mg	1
	J8540	"Dexamethasone, oral, 0.25 mg"	3
	J8610	"Methotrexate; oral, 2.5 mg"	25
	P9016	"Red blood cells, leukocytes reduced, each unit"	955
	P9037	"Platelets, pheresis, leukocytes reduced, irradiated, each unit"	1690
	P9047	"Infusion, albumin (human), 25%, 50 ml"	180
	Q0138	"Injection, ferumoxytol, for treatment of iron deficiency anemia, 1 mg (non-ESRD use)"	2230
	Q5103	"Injection, inflectra"	5765
	S0028	"Injection, famotidine, 20 mg"	89
	S0077	"Injection, clindamycin phosphate, 300 mg"	111
	V2630	Anterior chamber intraocular lens	441
	V2632	Posterior chamber intraocular lens	441
			
	DRG	Description	Charges
	Inpatients		
	92	DRG OTHER DISORDERS OF NERVOUS SYSTEM WITH COMPLICATION OR COMORBIDITY (CC)	10984
	98	"NON-BACTERIAL INFECTION OF NERVOUS SYSTEM EXCEPT VIRAL MENINGITIS WITH COMPLICATION OR COMORBIDITY (CC) - MARKET SIZE, PREVALENCE, INCIDENCE, QUALITY OUTCOMES, TOP HOSPITALS & PHYSICIANS"	18639
	177	DRG RESPIRATORY INFECTIONS AND INFLAMMATIONS WITH MAJOR COMPLICATION OR COMORBIDITY (MCC)	9995
	191	"DRG CHRONIC OBSTRUCTIVE PULMONARY DISEASE WITH COMPLICATION OR COMORBIDITY (CC) - MARKET SIZE, PREVALENCE, INCIDENCE, QUALITY OUTCOMES, TOP HOSPITALS & PHYSICIANS"	24160
	195	"DRG SIMPLE PNEUMONIA AND PLEURISY WITHOUT COMPLICATION OR COMORBIDITY (CC)/MAJOR COMPLICATION OR COMORBIDITY (MCC) - MARKET SIZE, PREVALENCE, INCIDENCE, QUALITY OUTCOMES, TOP HOSPITALS & PHYSICIANS"	21188
	388	DRG G.I. OBSTRUCTION WITH MAJOR COMPLICATION OR COMORBIDITY (MCC)	25784
	389	DRG G.I. OBSTRUCTION WITH COMPLICATION OR COMORBIDITY (CC)	13556
	436	DRG MALIGNANCY OF HEPATOBILIARY SYSTEM OR PANCREAS WITH COMPLICATION OR COMORBIDITY (CC)	28024
	565	"OTHER MUSCULOSKELETAL SYSTEM AND CONNECTIVE TISSUE DIAGNOSES WITH COMPLICATION OR COMORBIDITY (CC) - MARKET SIZE, PREVALENCE, INCIDENCE, QUALITY OUTCOMES, TOP HOSPITALS & PHYSICIANS"	10684
	641	"DRG MISCELLANEOUS DISORDERS OF NUTRITION, METABOLISM , FLUIDS AND ELECTROLYTES WITHOUT MAJOR COMPLICATION OR COMORBIDITY (MCC) - MARKET SIZE, PREVALENCE, INCIDENCE, QUALITY OUTCOMES, TOP HOSPITALS & PHYSICIANS"	20222
	872	"DRG SEPTICEMIA OR SEVERE SEPSIS WITHOUT MV >96 HOURS WITHOUT MAJOR COMPLICATION OR COMORBIDITY (MCC) - MARKET SIZE, PREVALENCE, INCIDENCE, QUALITY OUTCOMES, TOP HOSPITALS & PHYSICIANS"	17048
	951	"OTHER FACTORS INFLUENCING HEALTH STATUS - MARKET SIZE, PREVALENCE, INCIDENCE, QUALITY OUTCOMES, TOP HOSPITALS & PHYSICIANS"	8923
			
	CPT	Description	Charges
	Professionals		
	Outpatients		
	142	Anesthesia for procedures on eye; lens surgery	737
	300	"Anesthesia for all procedures on the integumentary system, muscles and nerves of head, neck, and posterior trunk, not otherwise specified"	1122
	320	"Anesthesia for all procedures on esophagus, thyroid, larynx, trachea and lymphatic system of neck; not otherwise specified, age 1 year or older"	1848
	400	"Anesthesia for procedures on the integumentary system on the extremities, anterior trunk and perineum; not otherwise specified"	1188
	731	PR ANES UPR GI NDSC PX NOS	462
	750	Anesthesia for hernia repairs in upper abdomen; not otherwise specified	1474
	790	Anesthesia for intraperitoneal procedures in upper abdomen including laparoscopy; not otherwise specified	2244
	811	PR ANES LWR INTST NDSC NOS	671
	812	PR ANES LWR INTST SCR COLSC	660
	813	PR ANES UPR LWR GI NDSC PX	748
	830	Anesthesia for hernia repairs in lower abdomen; not otherwise specified	2222
	840	Anesthesia for intraperitoneal procedures in lower abdomen including laparoscopy; not otherwise specified	2618
	902	Anesthesia for; anorectal procedure	1342
	1810	"Anesthesia for all procedures on nerves, muscles, tendons, fascia, and bursae of forearm, wrist, and hand"	946
	10080	Incision and drainage of pilonidal cyst; simple	496
	11406	"Excision, benign lesion including margins, except skin tag (unless listed elsewhere), trunk, arms or legs; excised diameter over 4.0 cm"	869
	11420	"Excision, benign lesion including margins, except skin tag (unless listed elsewhere), scalp, neck, hands, feet, genitalia; excised diameter 0.5 cm or less"	354
	11646	"Excision, malignant lesion including margins, face, ears, eyelids, nose, lips; excised diameter over 4.0 cm"	1468
	12001	"Simple repair of superficial wounds of scalp, neck, axillae, external genitalia, trunk and/or extremities (including hands and feet); 2.5 cm or less"	405
	12002	"Simple repair of superficial wounds of scalp, neck, axillae, external genitalia, trunk and/or extremities (including hands and feet); 2.6 cm to 7.5 cm"	427
	12004	"Simple repair of superficial wounds of scalp, neck, axillae, external genitalia, trunk and/or extremities (including hands and feet); 7.6 cm to 12.5 cm"	498
	12011	"Simple repair of superficial wounds of face, ears, eyelids, nose, lips and/or mucous membranes; 2.5 cm or less"	446
	12013	"Simple repair of superficial wounds of face, ears, eyelids, nose, lips and/or mucous membranes; 2.6 cm to 5.0 cm"	499
	19120	"Excision of cyst, fibroadenoma, or other benign or malignant tumor, aberrant breast tissue, duct lesion, nipple or areolar lesion (except 19300), open, male or female, 1 or more lesions"	1409
	20610	"Arthrocentesis, aspiration and/or injection; major joint or bursa (eg, shoulder, hip, knee joint, subacromial bursa)"	221
	23650	"Closed treatment of shoulder dislocation, with manipulation; without anesthesia"	926
	26160	"Excision of lesion of tendon sheath or joint capsule (eg, cyst, mucous cyst, or ganglion), hand or finger"	1516
	26725	"Closed treatment of phalangeal shaft fracture, proximal or middle phalanx, finger or thumb; with manipulation, with or without skin or skeletal traction, each"	951
	26770	"Closed treatment of interphalangeal joint dislocation, single, with manipulation; without anesthesia"	714
	27096	"Injection procedure for sacroiliac joint, arthrography and/or anesthetic/steroid"	372
	29125	Application of short arm splint (forearm to hand); static	188
	31500	"Intubation, endotracheal, emergency procedure"	417
	36410	"Venipuncture, age 3 years or older, necessitating physician's skill (separate procedure), for diagnostic or therapeutic purposes (not to be used for routine venipuncture)"	176
	38500	"Biopsy or excision of lymph node(s); open, superficial"	956
	43239	"Upper gastrointestinal endoscopy including esophagus, stomach, and either the duodenum and/or jejunum as appropriate; with biopsy, single or multiple"	958
	44970	"Laparoscopy, surgical, appendectomy"	1703
	45378	"Colonoscopy, flexible, proximal to splenic flexure; diagnostic, with or without collection of specimen(s) by brushing or washing, with or without colon decompression (separate procedure)"	1323
	45380	"Colonoscopy, flexible, proximal to splenic flexure; with biopsy, single or multiple"	1437
	45384	"Colonoscopy, flexible, proximal to splenic flexure; with removal of tumor(s), polyp(s), or other lesion(s) by hot biopsy forceps or bipolar cautery"	1437
	45385	"Colonoscopy, flexible, proximal to splenic flexure; with removal of tumor(s), polyp(s), or other lesion(s) by snare technique"	1497
	46260	"Hemorrhoidectomy, internal and external, 2 or more columns/groups;"	1360
	47562	"Laparoscopy, surgical; cholecystectomy"	2028
	49255	"Omentectomy, epiploectomy, resection of omentum (separate procedure)"	2246
	49585	"Repair umbilical hernia, age 5 years or older; reducible"	1263
	49650	"Laparoscopy, surgical; repair initial inguinal hernia"	1379
	49653	"Laparoscopy, surgical, repair, ventral, umbilical, spigelian or epigastric hernia (includes mesh insertion, when performed); incarcerated or strangulated"	2562
	58661	"Laparoscopy, surgical; with removal of adnexal structures (partial or total oophorectomy and/or salpingectomy)"	1838
	62323	PR INJ INTERLAM L/S W IMG	554
	64451	PR INJ ANESTH/STER SI JOINT NRV NRVTG	338
	64488	PR TAP BLOCK BILAT BY INJ	986
	64510	"Injection, anesthetic agent; stellate ganglion (cervical sympathetic)"	217
	64721	Neuroplasty and/or transposition; median nerve at carpal tunnel	1143
	69200	Removal foreign body from external auditory canal; without general anesthesia	361
	93010	"Electrocardiogram, routine ECG with at least 12 leads; interpretation and report only"	40
	99152	HC MOD SED SAME PHYS/QHP 5/>YRS 15M	185
	99201	"Office or other outpatient visit for the evaluation and management of a new patient, which requires these 3 key components: A problem focused history; A problem focused examination; Straightforward medical decision making. Counseling and/or coordination of care with other providers or agencies are provided consistent with the nature of the problem(s) and the patient's and/or family's needs. Usually, the presenting problem(s) are self limited or minor. Physicians typically spend 10 minutes face-to-face with the patient and/or family."	124
	99203	"Office or other outpatient visit for the evaluation and management of a new patient, which requires these 3 key components: A detailed history; A detailed examination; Medical decision making of low complexity. Counseling and/or coordination of care with other providers or agencies are provided consistent with the nature of the problem(s) and the patient's and/or family's needs. Usually, the presenting problem(s) are of moderate severity. Physicians typically spend 30 minutes face-to-face with the patient and/or family."	287
	99212	"Office or other outpatient visit for the evaluation and management of an established patient, which requires at least 2 of these 3 key components: A problem focused history; A problem focused examination; Straightforward medical decision making. Counseling and/or coordination of care with other providers or agencies are provided consistent with the nature of the problem(s) and the patient's and/or family's needs. Usually, the presenting problem(s) are self limited or minor. Physicians typically spend 10 minutes face-to-face with the patient and/or family."	124
	99218	"Initial observation care, per day, for the evaluation and management of a patient which requires these 3 key components: A detailed or comprehensive history; A detailed or comprehensive examination; and Medical decision making that is straightforward or of low complexity. Counseling and/or coordination of care with other providers or agencies are provided consistent with the nature of the problem(s) and the patient's and/or family's needs. Usually, the problem(s) requiring admission to ""observation status"" are of low severity."	232
	99224	"Subsequent observation care, per day, for the evaluation and management of a patient, which requires at least 2 of these 3 key components: Problem focused interval history; Problem focused examination; Medical decision making that is straightforward or of low complexity. Counseling and/or coordination of care with other providers or agencies are provided consistent with the nature of the problem(s) and the patient's and/or family's needs. Usually, the patient is stable, recovering, or improving. Physicians typically spend 15 minutes at the bedside and on the patient's hospital floor or unit."	158
	99231	"Subsequent hospital care, per day, for the evaluation and management of a patient, which requires at least 2 of these 3 key components: A problem focused interval history; A problem focused examination; Medical decision making that is straightforward or of low complexity. Counseling and/or coordination of care with other providers or agencies are provided consistent with the nature of the problem(s) and the patient's and/or family's needs. Usually, the patient is stable, recovering or improving. Physicians typically spend 15 minutes at the bedside and on the patient's hospital floor or unit."	108
	99281	"Emergency department visit for the evaluation and management of a patient, which requires these 3 key components: A problem focused history; A problem focused examination; and Straightforward medical decision making. Counseling and/or coordination of care with other providers or agencies are provided consistent with the nature of the problem(s) and the patient's and/or family's needs. Usually, the presenting problem(s) are self limited or minor."	134
	99282	"Emergency department visit for the evaluation and management of a patient, which requires these 3 key components: An expanded problem focused history; An expanded problem focused examination; and Medical decision making of low complexity. Counseling and/or coordination of care with other providers or agencies are provided consistent with the nature of the problem(s) and the patient's and/or family's needs. Usually, the presenting problem(s) are of low to moderate severity."	190
	99283	"Emergency department visit for the evaluation and management of a patient, which requires these 3 key components: An expanded problem focused history; An expanded problem focused examination; and Medical decision making of moderate complexity. Counseling and/or coordination of care with other providers or agencies are provided consistent with the nature of the problem(s) and the patient's and/or family's needs. Usually, the presenting problem(s) are of moderate severity."	221
	99284	"Emergency department visit for the evaluation and management of a patient, which requires these 3 key components: A detailed history; A detailed examination; and Medical decision making of moderate complexity. Counseling and/or coordination of care with other providers or agencies are provided consistent with the nature of the problem(s) and the patient's and/or family's needs. Usually, the presenting problem(s) are of high severity, and require urgent evaluation by the physician but do not pose an immediate significant threat to life or physiologic function."	355
	99285	"Emergency department visit for the evaluation and management of a patient, which requires these 3 key components within the constraints imposed by the urgency of the patient's clinical condition and/or mental status: A comprehensive history; A comprehensive examination; and Medical decision making of high complexity. Counseling and/or coordination of care with other providers or agencies are provided consistent with the nature of the problem(s) and the patient's and/or family's needs. Usually, the presenting problem(s) are of high severity and pose an immediate significant threat to life or physiologic function."	526
	99291	"Critical care, evaluation and management of the critically ill or critically injured patient; first 30-74 minutes"	710
	99441	"Telephone evaluation and management service provided by a physician to an established patient, parent, or guardian not originating from a related E/M service provided within the previous 7 days nor leading to an E/M service or procedure within the next 24 hours or soonest available appointment; 5-10 minutes of medical discussion"	36
